Algorithm,Fitness,ExecutionTime,PortfolioSize
GA,0.012982862240428007,2.6308412551879883,5
SA,0.026975632868679735,3.379643678665161,5
PSO,0.007754881399336965,2.2812390327453613,5
DE,0.001930567029064152,4.473204612731934,5
ACO,0.0024031350687655816,8.502359390258789,5
HC,0.0061217523976293976,0.3125154972076416,5
BO,0.0017478089467646816,0.2849900722503662,5
RS,0.0052890404669257715,1.80523681640625,5
