Algorithm,Fitness,ExecutionTime,PortfolioSize,HeavyDBAccelerated
SA,0.34453965000000003,0.009227275848388672,35,True
GA,0.3133788,0.016944169998168945,35,True
PSO,0.3015957,0.012023687362670898,35,True
DE,0.29037015,0.01273965835571289,35,True
ACO,0.32851980000000003,0.009231328964233398,35,True
BO,0.2579619,0.006401538848876953,35,True
RS,0.20870325,0.07643723487854004,35,True
