Algorithm,Fitness,ExecutionTime,PortfolioSize
GA,12.707827754646171,2.8326034545898438,35
SA,20.96137557720945,3.7534987926483154,35
PSO,0.8567309985425716,2.4719271659851074,35
DE,4.569690235870332,5.240486145019531,35
ACO,1.6888823435350422,54.48344564437866,35
HC,26.495915002666884,16.225091695785522,35
BO,2.573501757359799,0.3281123638153076,35
RS,2.943207190518678,1.955280065536499,35
