Algorithm,Fitness,ExecutionTime,PortfolioSize,HeavyDBAccelerated
SA,0.34453965000000003,0.009223461151123047,50,True
GA,0.3133788,0.01690959930419922,50,True
PSO,0.3015957,0.012025594711303711,50,True
DE,0.29037015,0.01273655891418457,50,True
ACO,0.32851980000000003,0.009236574172973633,50,True
BO,0.2579619,0.006438016891479492,50,True
RS,0.20870325,0.07645702362060547,50,True
