Algorithm,Fitness,ExecutionTime,PortfolioSize,HeavyDBAccelerated
SA,0.34453965000000003,0.00923013687133789,20,True
GA,0.3133788,0.016899824142456055,20,True
PSO,0.3015957,0.01200103759765625,20,True
DE,0.29037015,0.012742280960083008,20,True
ACO,0.32851980000000003,0.009200811386108398,20,True
BO,0.2579619,0.006402492523193359,20,True
RS,0.20870325,0.07645559310913086,20,True
