Algorithm,Fitness,ExecutionTime,PortfolioSize
GA,0.0063407143410333525,2.7500839233398438,10
SA,0.030492033365087292,3.546990394592285,10
PSO,0.0028856894497114325,2.449195623397827,10
DE,0.006284051342630326,4.84180760383606,10
ACO,0.0,10.771438837051392,0
HC,0.009341536088857438,1.7431046962738037,10
BO,0.0017383353676756839,0.302227258682251,10
RS,0.003282070246173903,1.9370861053466797,10
