Algorithm,Fitness,ExecutionTime,PortfolioSize,HeavyDBAccelerated
SA,0.34453965000000003,0.009229898452758789,35,True
GA,0.3133788,0.01686549186706543,35,True
PSO,0.3015957,0.011992216110229492,35,True
DE,0.29037015,0.012706995010375977,35,True
ACO,0.32851980000000003,0.009233474731445312,35,True
BO,0.2579619,0.0063817501068115234,35,True
RS,0.20870325,0.07645535469055176,35,True
