Algorithm,Fitness,ExecutionTime,PortfolioSize,HeavyDBAccelerated
SA,0.34453965000000003,0.009196758270263672,35,True
GA,0.3133788,0.016962528228759766,35,True
PSO,0.3015957,0.012019872665405273,35,True
DE,0.29037015,0.012706756591796875,35,True
ACO,0.32851980000000003,0.009232521057128906,35,True
BO,0.2579619,0.006410360336303711,35,True
RS,0.20870325,0.07645988464355469,35,True
