Algorithm,Fitness,ExecutionTime,PortfolioSize,HeavyDBAccelerated
SA,0.328133,0.013135433197021484,35,False
GA,0.298456,0.024125337600708008,35,False
PSO,0.287234,0.017133235931396484,35,False
DE,0.276543,0.018132686614990234,35,False
ACO,0.312876,0.013128042221069336,35,False
BO,0.245678,0.009125947952270508,35,False
RS,0.198765,0.10919570922851562,35,False
