Algorithm,Fitness,ExecutionTime,PortfolioSize,HeavyDBAccelerated
SA,0.34453965000000003,0.009232759475708008,35,True
GA,0.3133788,0.016931533813476562,35,True
PSO,0.3015957,0.012009143829345703,35,True
DE,0.29037015,0.012748241424560547,35,True
ACO,0.32851980000000003,0.009241580963134766,35,True
BO,0.2579619,0.00638270378112793,35,True
RS,0.20870325,0.0764620304107666,35,True
