Algorithm,Fitness,ExecutionTime,PortfolioSize,HeavyDBAccelerated
SA,0.328133,0.013113737106323242,25,False
GA,0.298456,0.024139404296875,25,False
PSO,0.287234,0.017116069793701172,25,False
DE,0.276543,0.018105745315551758,25,False
ACO,0.312876,0.013132095336914062,25,False
BO,0.245678,0.009144067764282227,25,False
RS,0.198765,0.10921692848205566,25,False
