{
  "execution_metadata": {
    "timestamp": "20250729_173813",
    "execution_time": 0.7033450603485107,
    "algorithms_executed": 8,
    "success_rate": 100.0,
    "parallel_efficiency": 0
  },
  "best_result": {
    "algorithm": "hill_climbing",
    "fitness": 0.4043449927009076,
    "portfolio": [
      8809,
      20996,
      1928,
      9773,
      14778,
      16531,
      19723,
      24496,
      12920,
      5382,
      6581,
      4293,
      6467,
      8951,
      1412,
      4430,
      8939,
      8942,
      15582,
      13075,
      8769,
      25163,
      2782,
      22233,
      23756,
      5801,
      13779,
      7288,
      8726,
      244,
      23833,
      25480,
      24201,
      6730,
      8973
    ]
  },
  "gpu_utilization": {},
  "individual_results": {
    "genetic_algorithm": {
      "best_fitness": 0.0980007527781421,
      "best_portfolio": [
        14712,
        21411,
        24539,
        20725,
        10712,
        9212,
        15612,
        10453,
        23636,
        10142,
        5823,
        25294,
        21082,
        19062,
        25074,
        5049,
        14235,
        7894,
        13180,
        23292,
        3969,
        10349,
        11627,
        3933,
        12673,
        9606,
        10270,
        16693,
        17885,
        10124,
        23207,
        24570,
        9131,
        9390,
        13737
      ],
      "generations": 100,
      "execution_time": 0.04665184020996094,
      "status": "success"
    },
    "particle_swarm_optimization": {
      "best_fitness": 0.0831990403736425,
      "best_portfolio": [
        20793,
        5240,
        3981,
        18288,
        572,
        6273,
        9186,
        18045,
        24977,
        17242,
        12211,
        22638,
        11984,
        14718,
        14171,
        3141,
        16914,
        6245,
        8379,
        13291,
        5480,
        21234,
        1378,
        23566,
        8368,
        11396,
        6247,
        4142,
        2962,
        5514,
        6013,
        8050,
        5105,
        21663,
        10327
      ],
      "iterations": 75,
      "execution_time": 0.03429222106933594,
      "status": "success"
    },
    "simulated_annealing": {
      "best_fitness": 0.11955477388468982,
      "best_portfolio": [
        7734,
        1000,
        23026,
        15751,
        5648,
        3261,
        20026,
        20073,
        11679,
        8712,
        1714,
        22410,
        18976,
        7682,
        3907,
        19821,
        12482,
        25159,
        25031,
        15786,
        22986,
        19680,
        8856,
        19268,
        16793,
        215,
        18320,
        17477,
        24498,
        2046,
        14562,
        14161,
        14258,
        5627,
        10330
      ],
      "iterations": 150,
      "execution_time": 0.014076948165893555,
      "status": "success"
    },
    "differential_evolution": {
      "best_fitness": 0.13145991809476562,
      "best_portfolio": [
        7245,
        5822,
        17603,
        23941,
        20342,
        23010,
        21128,
        22396,
        14051,
        12520,
        17374,
        9904,
        20636,
        16620,
        5048,
        1983,
        8644,
        5322,
        8978,
        13435,
        18964,
        18498,
        17045,
        9723,
        21387,
        315,
        7409,
        11284,
        15420,
        6185,
        3736,
        23814,
        17580,
        16374,
        5571
      ],
      "generations": 80,
      "execution_time": 0.03619265556335449,
      "status": "success"
    },
    "ant_colony_optimization": {
      "best_fitness": 0.1651271898447511,
      "best_portfolio": [
        23415,
        21964,
        25493,
        5842,
        1071,
        24256,
        1885,
        5944,
        12915,
        10929,
        13535,
        25412,
        4119,
        12821,
        23269,
        10039,
        8500,
        1965,
        2532,
        22359,
        11320,
        13485,
        5528,
        24272,
        437,
        6480,
        25241,
        16634,
        12751,
        1273,
        24646,
        3601,
        19373,
        9463,
        12317
      ],
      "iterations": 60,
      "execution_time": 0.027170181274414062,
      "status": "success"
    },
    "hill_climbing": {
      "best_fitness": 0.4043449927009076,
      "best_portfolio": [
        8809,
        20996,
        1928,
        9773,
        14778,
        16531,
        19723,
        24496,
        12920,
        5382,
        6581,
        4293,
        6467,
        8951,
        1412,
        4430,
        8939,
        8942,
        15582,
        13075,
        8769,
        25163,
        2782,
        22233,
        23756,
        5801,
        13779,
        7288,
        8726,
        244,
        23833,
        25480,
        24201,
        6730,
        8973
      ],
      "iterations": 150,
      "restarts": 0,
      "execution_time": 0.2996973991394043,
      "status": "success"
    },
    "bayesian_optimization": {
      "best_fitness": 0.1202087354571125,
      "best_portfolio": [
        16737,
        20987,
        8484,
        10737,
        8732,
        20330,
        713,
        9355,
        22257,
        21772,
        23847,
        18772,
        3554,
        1144,
        7886,
        13557,
        15915,
        10398,
        14157,
        16017,
        7581,
        14514,
        1526,
        22197,
        6777,
        19257,
        3738,
        23885,
        22355,
        8612,
        18349,
        8922,
        14447,
        8352,
        22683
      ],
      "iterations": 40,
      "execution_time": 0.018094301223754883,
      "status": "success"
    },
    "random_search": {
      "best_fitness": 0.13391650752689943,
      "best_portfolio": [
        9962,
        6152,
        24551,
        4422,
        22410,
        20683,
        11733,
        16052,
        8864,
        25340,
        3194,
        53,
        14035,
        7186,
        9092,
        4796,
        15199,
        24544,
        10846,
        22163,
        17820,
        12884,
        10345,
        23323,
        23123,
        5898,
        18016,
        3608,
        6018,
        9714,
        16336,
        22074,
        2532,
        19462,
        13509
      ],
      "iterations": 500,
      "execution_time": 0.22655630111694336,
      "status": "success"
    }
  },
  "failed_algorithms": []
}