{
  "workflow_status": "SUCCESS",
  "execution_time": 7.733359336853027,
  "data_processing": {
    "file_path": "/mnt/optimizer_share/input/Python_Multi_Consolidated_20250726_161921.csv",
    "file_size_mb": 37.385762214660645,
    "total_rows": 82,
    "total_strategies": 25544,
    "data_loading_time": 1.0162458419799805,
    "data_processing_time": 3.1526169776916504,
    "total_data_time": 4.172288656234741,
    "bottleneck_analysis": "Data loading is the main bottleneck, not algorithms"
  },
  "optimization_results": {
    "execution_timestamp": "2025-07-29T17:33:53.088827",
    "total_execution_time": 0.6715965270996094,
    "algorithms_executed": 8,
    "algorithms_failed": 0,
    "success_rate": 100.0,
    "best_algorithm": "hill_climbing",
    "best_fitness": 0.2752451150490884,
    "best_portfolio": [
      24932,
      16980,
      2415,
      5459,
      7228,
      9837,
      22255,
      10995,
      24651,
      14540,
      15558,
      7135,
      6805,
      1950,
      15243,
      13697,
      11656,
      23790,
      5269,
      711,
      9258,
      7243,
      2654,
      8570,
      8312,
      12598,
      10587,
      13079,
      17616,
      8924,
      8333,
      15980,
      25134,
      20908,
      18404
    ],
    "individual_results": {
      "genetic_algorithm": {
        "best_fitness": 0.12367266842753498,
        "best_portfolio": [
          22488,
          8183,
          10150,
          12821,
          18665,
          15934,
          2779,
          23526,
          11515,
          20581,
          11423,
          2643,
          12832,
          6753,
          48,
          12196,
          4399,
          12668,
          24808,
          7716,
          8304,
          1919,
          8499,
          15303,
          606,
          24729,
          23388,
          18988,
          8152,
          22300,
          25323,
          3705,
          5408,
          14632,
          22230
        ],
        "generations": 100,
        "execution_time": 0.043354034423828125,
        "status": "success"
      },
      "particle_swarm_optimization": {
        "best_fitness": 0.10812152119803818,
        "best_portfolio": [
          16235,
          16231,
          9787,
          2403,
          16298,
          3377,
          3929,
          1953,
          16634,
          2818,
          17996,
          10877,
          17044,
          12671,
          4225,
          3607,
          795,
          22756,
          12958,
          2213,
          9854,
          4322,
          11255,
          20802,
          2729,
          3742,
          18551,
          16887,
          12209,
          9769,
          12381,
          9628,
          396,
          11137,
          7102
        ],
        "iterations": 75,
        "execution_time": 0.03155374526977539,
        "status": "success"
      },
      "simulated_annealing": {
        "best_fitness": 0.11860094011377526,
        "best_portfolio": [
          16809,
          14073,
          16887,
          1255,
          9181,
          11137,
          15839,
          3343,
          25167,
          24005,
          14457,
          4725,
          22960,
          17199,
          15792,
          23558,
          6761,
          20782,
          583,
          20431,
          11899,
          25180,
          5982,
          1853,
          25304,
          2582,
          2676,
          6690,
          2260,
          9106,
          15634,
          24349,
          18996,
          18625,
          2584
        ],
        "iterations": 150,
        "execution_time": 0.01385951042175293,
        "status": "success"
      },
      "differential_evolution": {
        "best_fitness": 0.11558334339762029,
        "best_portfolio": [
          22943,
          15923,
          11641,
          19579,
          1853,
          6777,
          19864,
          10816,
          7104,
          21350,
          17580,
          22228,
          24091,
          22600,
          1810,
          8130,
          7784,
          18254,
          14456,
          607,
          3582,
          14467,
          20721,
          14035,
          6759,
          513,
          24147,
          16712,
          10031,
          19775,
          18018,
          4502,
          15728,
          5088,
          2005
        ],
        "generations": 80,
        "execution_time": 0.033153533935546875,
        "status": "success"
      },
      "ant_colony_optimization": {
        "best_fitness": 0.09926604058643246,
        "best_portfolio": [
          10208,
          14118,
          11527,
          19553,
          23912,
          15269,
          15307,
          22882,
          6874,
          18313,
          7448,
          10305,
          23630,
          16542,
          17033,
          6963,
          16600,
          4075,
          22190,
          14863,
          24022,
          16113,
          7800,
          5322,
          7548,
          8553,
          19376,
          16963,
          7057,
          5541,
          17819,
          5942,
          18432,
          17204,
          18758
        ],
        "iterations": 60,
        "execution_time": 0.024883747100830078,
        "status": "success"
      },
      "hill_climbing": {
        "best_fitness": 0.2752451150490884,
        "best_portfolio": [
          24932,
          16980,
          2415,
          5459,
          7228,
          9837,
          22255,
          10995,
          24651,
          14540,
          15558,
          7135,
          6805,
          1950,
          15243,
          13697,
          11656,
          23790,
          5269,
          711,
          9258,
          7243,
          2654,
          8570,
          8312,
          12598,
          10587,
          13079,
          17616,
          8924,
          8333,
          15980,
          25134,
          20908,
          18404
        ],
        "iterations": 150,
        "restarts": 0,
        "execution_time": 0.29908251762390137,
        "status": "success"
      },
      "bayesian_optimization": {
        "best_fitness": 0.0772751349198752,
        "best_portfolio": [
          12630,
          19086,
          4955,
          25378,
          3605,
          13667,
          16117,
          11176,
          23364,
          20305,
          22244,
          10688,
          22253,
          4966,
          14815,
          13868,
          23544,
          20515,
          6833,
          14487,
          6682,
          3516,
          16072,
          14161,
          272,
          18,
          4273,
          19760,
          10518,
          22413,
          480,
          8965,
          24096,
          12802,
          19830
        ],
        "iterations": 40,
        "execution_time": 0.0168917179107666,
        "status": "success"
      },
      "random_search": {
        "best_fitness": 0.1598104181921571,
        "best_portfolio": [
          13378,
          4648,
          23658,
          18400,
          18236,
          24096,
          4209,
          4976,
          18346,
          16634,
          9498,
          10755,
          5865,
          2444,
          22402,
          9988,
          24464,
          21927,
          10052,
          12837,
          16259,
          10378,
          20659,
          5998,
          10169,
          6161,
          6546,
          11528,
          17386,
          12317,
          16346,
          25214,
          3300,
          9406,
          2323
        ],
        "iterations": 500,
        "execution_time": 0.20816683769226074,
        "status": "success"
      }
    },
    "execution_method": "sequential",
    "performance_note": "Sequential execution chosen for optimal performance with fast algorithms"
  },