Algorithm,Fitness,ExecutionTime,PortfolioSize,HeavyDBAccelerated
SA,0.34453965000000003,0.009196281433105469,35,True
GA,0.3133788,0.01689434051513672,35,True
PSO,0.3015957,0.012001752853393555,35,True
DE,0.29037015,0.012691736221313477,35,True
ACO,0.32851980000000003,0.009194135665893555,35,True
BO,0.2579619,0.006392478942871094,35,True
RS,0.20870325,0.07645988464355469,35,True
