Algorithm,Fitness,ExecutionTime,PortfolioSize
GA,0.011647891928138206,2.7342050075531006,5
SA,0.01669742645794388,3.518044948577881,5
PSO,0.00667318347429205,2.4229044914245605,5
DE,0.003954910860132647,4.784430980682373,5
ACO,0.0038637482049178338,8.602477788925171,5
HC,0.003899046771412098,0.38820838928222656,5
BO,0.001964766956430581,0.3102993965148926,5
RS,0.003071489511167394,1.9177091121673584,5
