Algorithm,Fitness,ExecutionTime,PortfolioSize,HeavyDBAccelerated
SA,0.34453965000000003,0.009212970733642578,50,True
GA,0.3133788,0.016933202743530273,50,True
PSO,0.3015957,0.012030839920043945,50,True
DE,0.29037015,0.012720108032226562,50,True
ACO,0.32851980000000003,0.009219884872436523,50,True
BO,0.2579619,0.006402015686035156,50,True
RS,0.20870325,0.07642149925231934,50,True
