Algorithm,Fitness,ExecutionTime,PortfolioSize,HeavyDBAccelerated
SA,0.328133,0.013125896453857422,50,False
GA,0.298456,0.024132251739501953,50,False
PSO,0.287234,0.01713275909423828,50,False
DE,0.276543,0.018108606338500977,50,False
ACO,0.312876,0.01313018798828125,50,False
BO,0.245678,0.009132862091064453,50,False
RS,0.198765,0.10920023918151855,50,False
