Algorithm,Fitness,ExecutionTime,PortfolioSize
GA,0.008276460875839603,2.723911762237549,5
SA,0.024324646466958918,3.483168363571167,5
PSO,0.0043004270016663146,2.385805368423462,5
DE,0.0038134483706597803,4.7163214683532715,5
ACO,0.003917480743866816,8.485103607177734,5
HC,0.0017085037808552256,0.2742881774902344,5
BO,0.0009628244010149114,0.31694746017456055,5
RS,0.0036459604251988073,1.8900036811828613,5
