Algorithm,Fitness,ExecutionTime,PortfolioSize
GA,695527.5023677452,2.4890658855438232,5
SA,695527.502367745,1.5042009353637695,5
PSO,857583.5291598222,2.2711315155029297,5
DE,695527.502367745,4.532677888870239,5
ACO,857583.5291598222,1.015613079071045,5
HC,988.5022274734487,0.07685661315917969,5
BO,695527.502367745,0.1534569263458252,5
RS,857583.5291598222,1.492457628250122,5
