Algorithm,Fitness,ExecutionTime,PortfolioSize,HeavyDBAccelerated
SA,0.34453965000000003,0.009196996688842773,3,True
GA,0.3133788,0.01690959930419922,3,True
PSO,0.3015957,0.012042760848999023,3,True
DE,0.29037015,0.012731552124023438,3,True
ACO,0.32851980000000003,0.009222269058227539,3,True
BO,0.2579619,0.006410121917724609,3,True
RS,0.20870325,0.07644510269165039,3,True
