Algorithm,Fitness,ExecutionTime,PortfolioSize
GA,0.0038805655749185415,2.698742151260376,37
SA,0.009980937935675588,3.50856876373291,37
PSO,0.0015168511587542958,2.3328418731689453,37
DE,0.0034677657344145216,5.004971504211426,37
ACO,0.001067528061667695,55.91017198562622,37
HC,0.023681335541913557,17.12320637702942,37
BO,0.0008301956374421523,0.2945683002471924,37
RS,0.0012073536077274072,1.8519108295440674,37
