Algorithm,Fitness,ExecutionTime,PortfolioSize
GA,0.008663774470945806,2.667306423187256,5
SA,0.020222375596052545,3.43497371673584,5
PSO,0.007635490252815039,2.325562000274658,5
DE,0.009709492131560667,4.592026948928833,5
ACO,0.0,5.631538152694702,0
HC,0.0018299786046779803,0.18397855758666992,5
BO,0.0020104639440153334,0.30169081687927246,5
RS,0.008433179860344102,1.8746297359466553,5
