Algorithm,Fitness,ExecutionTime,PortfolioSize
GA,0.007480254990937033,2.7120556831359863,37
SA,0.02075964435571607,3.5121471881866455,37
PSO,0.0010409640627756086,2.3513312339782715,37
DE,0.003618610586639715,5.177063226699829,37
ACO,0.0013301284721777746,55.970152616500854,37
HC,0.05404431171396505,16.942643880844116,37
BO,0.00034324116228592714,0.29774045944213867,37
RS,0.0009669527968987657,1.8608782291412354,37
