Algorithm,Fitness,ExecutionTime,PortfolioSize
GA,15.350434229835326,2.5721073150634766,5
SA,10.04029733153403,1.57973051071167,5
PSO,10.04029733153403,2.3470232486724854,5
DE,6.610530381426663,4.664133548736572,5
ACO,10.04029733153403,1.0428831577301025,5
HC,5.116638562263117,0.15855956077575684,5
BO,15.35043422983532,0.15622329711914062,5
RS,12.42213304725139,1.5491559505462646,5
