Algorithm,Fitness,ExecutionTime,PortfolioSize,HeavyDBAccelerated
SA,0.34453965000000003,0.009170055389404297,35,True
GA,0.3133788,0.01689291000366211,35,True
PSO,0.3015957,0.011991262435913086,35,True
DE,0.29037015,0.012690067291259766,35,True
ACO,0.32851980000000003,0.00916433334350586,35,True
BO,0.2579619,0.006401777267456055,35,True
RS,0.20870325,0.0764162540435791,35,True
