Algorithm,Fitness,ExecutionTime,PortfolioSize
GA,0.0137153756690636,2.9259138107299805,37
SA,0.01580643476432766,3.7442233562469482,37
PSO,0.0016269592213448345,2.5273969173431396,37
DE,0.0038962228402744724,5.337005376815796,37
ACO,0.0012957017230514482,57.92480397224426,37
HC,0.015042418720820403,13.309326887130737,37
BO,0.0008577442428147648,0.3142070770263672,37
RS,0.0018984627224938949,1.998847484588623,37
