Algorithm,Fitness,ExecutionTime,PortfolioSize
GA,0.012293713792234416,2.7120766639709473,10
SA,0.024448797138880346,3.454575538635254,10
PSO,0.005990205867629676,2.3670153617858887,10
DE,0.004432018619255908,4.688582897186279,10
ACO,0.001832919111750551,15.978265047073364,10
HC,0.007706739653414785,1.2093751430511475,10
BO,0.0018723318325820062,0.2953488826751709,10
RS,0.0035403485020017687,1.8628854751586914,10
