Algorithm,Fitness,ExecutionTime,PortfolioSize,HeavyDBAccelerated
SA,0.328133,0.013120174407958984,35,False
GA,0.298456,0.02413487434387207,35,False
PSO,0.287234,0.0171356201171875,35,False
DE,0.276543,0.01814126968383789,35,False
ACO,0.312876,0.013136148452758789,35,False
BO,0.245678,0.009131669998168945,35,False
RS,0.198765,0.1092069149017334,35,False
