Algorithm,Fitness,ExecutionTime,PortfolioSize,HeavyDBAccelerated
SA,0.328133,0.013128042221069336,50,False
GA,0.298456,0.024132490158081055,50,False
PSO,0.287234,0.017133235931396484,50,False
DE,0.276543,0.018137693405151367,50,False
ACO,0.312876,0.013138532638549805,50,False
BO,0.245678,0.00915074348449707,50,False
RS,0.198765,0.10920572280883789,50,False
