Algorithm,Fitness,ExecutionTime,PortfolioSize
GA,0.008092425987745625,2.6989986896514893,37
SA,0.01818018711150115,3.5988378524780273,37
PSO,0.0016879136304896608,2.354140043258667,37
DE,0.006167008972784493,4.9383463859558105,37
ACO,0.0025158414925470296,56.93317246437073,37
HC,0.02466137589027035,18.75817322731018,37
BO,0.0011517352227968544,0.2832784652709961,37
RS,0.0025252818663779463,1.8930730819702148,37
