Algorithm,Fitness,ExecutionTime,PortfolioSize,HeavyDBAccelerated
SA,0.34453965000000003,0.009224653244018555,35,True
GA,0.3133788,0.0169374942779541,35,True
PSO,0.3015957,0.012024402618408203,35,True
DE,0.29037015,0.012707948684692383,35,True
ACO,0.32851980000000003,0.00923299789428711,35,True
BO,0.2579619,0.006424427032470703,35,True
RS,0.20870325,0.07643699645996094,35,True
