Algorithm,Fitness,ExecutionTime,PortfolioSize,HeavyDBAccelerated
SA,0.328133,0.013110876083374023,50,False
GA,0.298456,0.024125099182128906,50,False
PSO,0.287234,0.0171356201171875,50,False
DE,0.276543,0.01810622215270996,50,False
ACO,0.312876,0.013096332550048828,50,False
BO,0.245678,0.009121417999267578,50,False
RS,0.198765,0.10922050476074219,50,False
