Algorithm,Fitness,ExecutionTime,PortfolioSize,HeavyDBAccelerated
SA,0.34453965000000003,0.009221076965332031,35,True
GA,0.3133788,0.016937732696533203,35,True
PSO,0.3015957,0.012046337127685547,35,True
DE,0.29037015,0.012725830078125,35,True
ACO,0.32851980000000003,0.00924229621887207,35,True
BO,0.2579619,0.006423473358154297,35,True
RS,0.20870325,0.07645940780639648,35,True
