Algorithm,Fitness,ExecutionTime,PortfolioSize,HeavyDBAccelerated
SA,0.34453965000000003,0.009232044219970703,20,True
GA,0.3133788,0.016926050186157227,20,True
PSO,0.3015957,0.012032747268676758,20,True
DE,0.29037015,0.012731075286865234,20,True
ACO,0.32851980000000003,0.0092315673828125,20,True
BO,0.2579619,0.0064470767974853516,20,True
RS,0.20870325,0.0764472484588623,20,True
