Algorithm,Fitness,ExecutionTime,PortfolioSize,HeavyDBAccelerated
SA,0.34453965000000003,0.009237527847290039,35,True
GA,0.3133788,0.016895055770874023,35,True
PSO,0.3015957,0.011991024017333984,35,True
DE,0.29037015,0.012735843658447266,35,True
ACO,0.32851980000000003,0.009238004684448242,35,True
BO,0.2579619,0.0063822269439697266,35,True
RS,0.20870325,0.0764610767364502,35,True
