Algorithm,Fitness,ExecutionTime,PortfolioSize
GA,18.367804578101563,2.5158286094665527,20
SA,24.385676051647728,1.5251483917236328,20
PSO,12.153107064847127,2.2726457118988037,20
DE,19.840265102892637,4.649911165237427,20
ACO,13.66667288262902,1.3494064807891846,20
HC,18.37662814384236,0.798358678817749,20
BO,8.953275732331225,0.15128040313720703,20
RS,6.6423838830938005,1.483968734741211,20
