Algorithm,Fitness,ExecutionTime,PortfolioSize,HeavyDBAccelerated
SA,0.328133,0.013100862503051758,3,False
GA,0.298456,0.02410435676574707,3,False
PSO,0.287234,0.017104387283325195,3,False
DE,0.276543,0.01810622215270996,3,False
ACO,0.312876,0.013103008270263672,3,False
BO,0.245678,0.009130001068115234,3,False
RS,0.198765,0.10921835899353027,3,False
