Algorithm,Fitness,ExecutionTime,PortfolioSize,HeavyDBAccelerated
SA,0.328133,0.013105630874633789,20,False
GA,0.298456,0.024090051651000977,20,False
PSO,0.287234,0.017101287841796875,20,False
DE,0.276543,0.018096208572387695,20,False
ACO,0.312876,0.0131072998046875,20,False
BO,0.245678,0.009099721908569336,20,False
RS,0.198765,0.10920405387878418,20,False
