Algorithm,Fitness,ExecutionTime,PortfolioSize,HeavyDBAccelerated
SA,0.328133,0.013098955154418945,25,False
GA,0.298456,0.024139881134033203,25,False
PSO,0.287234,0.017141103744506836,25,False
DE,0.276543,0.018136262893676758,25,False
ACO,0.312876,0.013162374496459961,25,False
BO,0.245678,0.009142398834228516,25,False
RS,0.198765,0.10919523239135742,25,False
