Algorithm,Fitness,ExecutionTime,PortfolioSize,HeavyDBAccelerated
SA,0.34453965000000003,0.009221315383911133,35,True
GA,0.3133788,0.016932964324951172,35,True
PSO,0.3015957,0.01204371452331543,35,True
DE,0.29037015,0.012731790542602539,35,True
ACO,0.32851980000000003,0.009197235107421875,35,True
BO,0.2579619,0.006392002105712891,35,True
RS,0.20870325,0.07645893096923828,35,True
