Algorithm,Fitness,ExecutionTime,PortfolioSize
GA,0.024501095472163364,2.6023876667022705,5
SA,0.03179554380141018,3.344876766204834,5
PSO,0.005336034877811615,2.2527472972869873,5
DE,0.0024188498452663086,4.453469514846802,5
ACO,0.003338683828863991,8.37059235572815,5
HC,0.0026590317185482665,0.24055933952331543,5
BO,0.002780902300960671,0.28670310974121094,5
RS,0.005321626826716276,1.8036293983459473,5
