Algorithm,Fitness,ExecutionTime,PortfolioSize,HeavyDBAccelerated
SA,0.34453965000000003,0.009224891662597656,35,True
GA,0.3133788,0.016928434371948242,35,True
PSO,0.3015957,0.012027263641357422,35,True
DE,0.29037015,0.012704610824584961,35,True
ACO,0.32851980000000003,0.009226560592651367,35,True
BO,0.2579619,0.006434440612792969,35,True
RS,0.20870325,0.07644534111022949,35,True
