Algorithm,Fitness,ExecutionTime,PortfolioSize,HeavyDBAccelerated
SA,0.328133,0.013134241104125977,35,False
GA,0.298456,0.02413773536682129,35,False
PSO,0.287234,0.017128944396972656,35,False
DE,0.276543,0.018099308013916016,35,False
ACO,0.312876,0.013129234313964844,35,False
BO,0.245678,0.009151458740234375,35,False
RS,0.198765,0.10919809341430664,35,False
