Algorithm,Fitness,ExecutionTime,PortfolioSize
GA,38.70358967245301,2.412574291229248,20
SA,47.430664146625716,1.5659513473510742,20
PSO,16.68236353920791,2.322659969329834,20
DE,37.854043609510036,4.749413013458252,20
ACO,21.826124119653915,1.3313701152801514,20
HC,33.020458566492415,0.7432444095611572,20
BO,22.173193147862868,0.1545095443725586,20
RS,19.84847193769558,1.5190212726593018,20
