Algorithm,Fitness,ExecutionTime,PortfolioSize
GA,0.01386365146591603,2.53376841545105,5
SA,0.0492638947663257,3.373445510864258,5
PSO,0.006638452704252471,2.277573585510254,5
DE,0.0016614289459232598,4.514985084533691,5
ACO,0.0038570459741071954,8.38761830329895,5
HC,0.00529024616276463,0.29840922355651855,5
BO,0.003834566307486664,0.2993788719177246,5
RS,0.0041194450769997375,1.8203308582305908,5
