Algorithm,Fitness,ExecutionTime,PortfolioSize,HeavyDBAccelerated
SA,0.328133,0.013130426406860352,20,False
GA,0.298456,0.02411675453186035,20,False
PSO,0.287234,0.01713418960571289,20,False
DE,0.276543,0.018140554428100586,20,False
ACO,0.312876,0.013138055801391602,20,False
BO,0.245678,0.009112358093261719,20,False
RS,0.198765,0.10918164253234863,20,False
