Algorithm,Fitness,ExecutionTime,PortfolioSize,HeavyDBAccelerated
SA,0.34453965000000003,0.009200811386108398,35,True
GA,0.3133788,0.01690959930419922,35,True
PSO,0.3015957,0.012059926986694336,35,True
DE,0.29037015,0.012727737426757812,35,True
ACO,0.32851980000000003,0.009234905242919922,35,True
BO,0.2579619,0.006430149078369141,35,True
RS,0.20870325,0.07647967338562012,35,True
