Algorithm,Fitness,ExecutionTime,PortfolioSize
GA,0.1188775896805759,2.535510540008545,3
SA,0.1188775896805759,1.5563249588012695,3
PSO,0.1188775896805759,2.3216493129730225,3
DE,0.1188775896805759,4.598778963088989,3
ACO,0.1188775896805759,0.988978385925293,3
HC,0.1188775896805759,0.0622706413269043,3
BO,0.1188775896805759,0.15334177017211914,3
RS,0.1188775896805759,1.5147876739501953,3
