Algorithm,Fitness,ExecutionTime,PortfolioSize,HeavyDBAccelerated
SA,0.328133,0.013130426406860352,20,False
GA,0.298456,0.024134397506713867,20,False
PSO,0.287234,0.01712965965270996,20,False
DE,0.276543,0.018131732940673828,20,False
ACO,0.312876,0.01313924789428711,20,False
BO,0.245678,0.009131431579589844,20,False
RS,0.198765,0.10919022560119629,20,False
