Algorithm,Fitness,ExecutionTime,PortfolioSize,HeavyDBAccelerated
SA,0.34453965000000003,0.009234905242919922,35,True
GA,0.3133788,0.016932010650634766,35,True
PSO,0.3015957,0.01201319694519043,35,True
DE,0.29037015,0.012696504592895508,35,True
ACO,0.32851980000000003,0.009247779846191406,35,True
BO,0.2579619,0.006439208984375,35,True
RS,0.20870325,0.07644987106323242,35,True
