Algorithm,Fitness,ExecutionTime,PortfolioSize,HeavyDBAccelerated
SA,0.34453965000000003,0.009212970733642578,20,True
GA,0.3133788,0.016927003860473633,20,True
PSO,0.3015957,0.012002706527709961,20,True
DE,0.29037015,0.01270604133605957,20,True
ACO,0.32851980000000003,0.009192705154418945,20,True
BO,0.2579619,0.0063898563385009766,20,True
RS,0.20870325,0.07644343376159668,20,True
