Algorithm,Fitness,ExecutionTime,PortfolioSize,HeavyDBAccelerated
SA,0.34453965000000003,0.009209871292114258,35,True
GA,0.3133788,0.01689934730529785,35,True
PSO,0.3015957,0.012026071548461914,35,True
DE,0.29037015,0.012732744216918945,35,True
ACO,0.32851980000000003,0.009218454360961914,35,True
BO,0.2579619,0.006424665451049805,35,True
RS,0.20870325,0.07645845413208008,35,True
