Algorithm,Fitness,ExecutionTime,PortfolioSize,HeavyDBAccelerated
SA,0.34453965000000003,0.009182453155517578,25,True
GA,0.3133788,0.016937255859375,25,True
PSO,0.3015957,0.01202392578125,25,True
DE,0.29037015,0.01273488998413086,25,True
ACO,0.32851980000000003,0.00923299789428711,25,True
BO,0.2579619,0.006433010101318359,25,True
RS,0.20870325,0.0764620304107666,25,True
