Algorithm,Fitness,ExecutionTime,PortfolioSize,HeavyDBAccelerated
SA,0.34453965000000003,0.009238481521606445,35,True
GA,0.3133788,0.016942501068115234,35,True
PSO,0.3015957,0.012030363082885742,35,True
DE,0.29037015,0.012742042541503906,35,True
ACO,0.32851980000000003,0.009222030639648438,35,True
BO,0.2579619,0.006435871124267578,35,True
RS,0.20870325,0.0764613151550293,35,True
