Algorithm,Fitness,ExecutionTime,PortfolioSize,HeavyDBAccelerated
SA,0.328133,0.013112068176269531,20,False
GA,0.298456,0.02411174774169922,20,False
PSO,0.287234,0.017137527465820312,20,False
DE,0.276543,0.018103599548339844,20,False
ACO,0.312876,0.013121843338012695,20,False
BO,0.245678,0.009079456329345703,20,False
RS,0.198765,0.1092066764831543,20,False
