Algorithm,Fitness,ExecutionTime,PortfolioSize,HeavyDBAccelerated
SA,0.34453965000000003,0.009236335754394531,35,True
GA,0.3133788,0.01691436767578125,35,True
PSO,0.3015957,0.01201319694519043,35,True
DE,0.29037015,0.012738227844238281,35,True
ACO,0.32851980000000003,0.009206533432006836,35,True
BO,0.2579619,0.006415843963623047,35,True
RS,0.20870325,0.0764474868774414,35,True
