Algorithm,Fitness,ExecutionTime,PortfolioSize,HeavyDBAccelerated
SA,0.34453965000000003,0.009209632873535156,50,True
GA,0.3133788,0.016926050186157227,50,True
PSO,0.3015957,0.012035846710205078,50,True
DE,0.29037015,0.01271200180053711,50,True
ACO,0.32851980000000003,0.009230613708496094,50,True
BO,0.2579619,0.006409168243408203,50,True
RS,0.20870325,0.07645773887634277,50,True
