Algorithm,Fitness,ExecutionTime,PortfolioSize
GA,6.4632859397446,2.6353354454040527,37
SA,21.13746833525733,3.5002737045288086,37
PSO,1.2508515730462164,2.336737871170044,37
DE,7.46929694813785,5.02030873298645,37
ACO,1.841208972512962,55.70907521247864,37
HC,17.691155426531587,17.144684076309204,37
BO,4.002692769846558,0.2911989688873291,37
RS,2.383917126407222,1.8408236503601074,37
