Algorithm,Fitness,ExecutionTime,PortfolioSize
GA,0.007309903035697944,2.8404366970062256,3
SA,0.012783837212767065,3.563671588897705,3
PSO,0.0021754444257628177,2.4509823322296143,3
DE,0.002528852084384541,4.873521566390991,3
ACO,0.003016934838221705,5.593693494796753,3
HC,0.004822987652203941,0.16326189041137695,3
BO,0.0019903388000289276,0.3112668991088867,3
RS,0.005366622487775626,1.955942153930664,3
