Algorithm,Fitness,ExecutionTime,PortfolioSize,HeavyDBAccelerated
SA,0.328133,0.013135910034179688,35,False
GA,0.298456,0.024140119552612305,35,False
PSO,0.287234,0.017125844955444336,35,False
DE,0.276543,0.018133163452148438,35,False
ACO,0.312876,0.013096809387207031,35,False
BO,0.245678,0.00912618637084961,35,False
RS,0.198765,0.10920071601867676,35,False
