Algorithm,Fitness,ExecutionTime,PortfolioSize,HeavyDBAccelerated
SA,0.34453965000000003,0.009200096130371094,10,True
GA,0.3133788,0.016895771026611328,10,True
PSO,0.3015957,0.01199650764465332,10,True
DE,0.29037015,0.012696504592895508,10,True
ACO,0.32851980000000003,0.009196996688842773,10,True
BO,0.2579619,0.006428241729736328,10,True
RS,0.20870325,0.07646942138671875,10,True
